{
  "project_info": {
    "project_number": "505635718911",
    "project_id": "projetointegradoriii-52300",
    "storage_bucket": "projetointegradoriii-52300.appspot.com"
  },
  "client": [
    {
      "client_info": {
        "mobilesdk_app_id": "1:505635718911:android:48470c01626b8ef280aeca",
        "android_client_info": {
          "package_name": "com.example.pjiii"
        }
      },
      "oauth_client": [],
      "api_key": [
        {
          "current_key": "AIzaSyA-w67HPqlpgxx6UYjuFaEm6KtqCOtOWKo"
        }
      ],
      "services": {
        "appinvite_service": {
          "other_platform_oauth_client": []
        }
      }
    }
  ],
  "configuration_version": "1"
}